Sample_ID,Sample_depth_cm,Grain_size_um,Pyrite_wt,Location_name,Lead_210
S5S-1,1,109.5,4.786369736,South_Bay,
S5S-2,3,69.35,6.301164532,South_Bay,
S5S-3,5,98.6,5.807330561,South_Bay,
S5S-4,7,89.85,6.541926186,South_Bay,
S5S-5,9,80.85,9.283764205,South_Bay,
S5N1-1,1,65.35,4.090022973,South_Bay,
S5N1-2,3,71.4,4.084523628,South_Bay,
S5N1-3,5,78.7,6.207275021,South_Bay,
SB5N-6,11,NA,7.176780681,South_Bay,
SB5N-7,13,NA,7.643087,South_Bay,
SB5N-9,17,NA,8.532448186,South_Bay,
S5C-1,1,92.85,4.365302217,South_Bay,
S5C-2,3,68.95,5.413750541,South_Bay,
S5C-3,5,NA,6.799974324,South_Bay,
S5C-5,9,NA,6.872039,South_Bay,
S5C-6,11,82.15,6.934604588,South_Bay,
S5C-7,13,NA,6.899529796,South_Bay,
S5C-9,17,NA,6.432003,South_Bay,
SBNVB-1,2.5,70.2,7.505939803,South_Bay,
SBNVB-2,7.5,82.6,11.84400842,South_Bay,
SBNVB-3,12.5,52.6,9.585500482,South_Bay,
SBNVB-5,22.5,83.2,6.660278874,South_Bay,
SBNVB-8,37.5,NA,7.770565794,South_Bay,
SBNVB-11,52.5,NA,9.357198279,South_Bay,
SBNVB-16,77.5,76.9,13.07292,South_Bay,
SBNVB-17,82.5,71.8,NA,South_Bay,
S5CVB-1,2.5,102,5.793384,South_Bay,
S5CVB-2,7.5,100,9.338896,South_Bay,
S5CVB-3,12.5,101,8.413715,South_Bay,
S5CVB-5,22.5,NA,4.34023,South_Bay,
S5CVB-6,27.5,114,NA,South_Bay,
S5CVB-7,32.5,NA,3.628108,South_Bay,
S5CVB-9,42.5,88.7,4.600642,South_Bay,
S5CVB-10,47.5,NA,11.110343,South_Bay,
S5CVB-13,52.5,93.4,15.400897,South_Bay,
S5CVB-16,77.5,78.2,16.106969,South_Bay,
S5CVB-19,92.5,55.8,11.228131,South_Bay,
SBSVB-1,2.5,88.3,8.584640008,South_Bay,
SBSVB-2,7.5,83.7,10.39531232,South_Bay,
SBSVB-3,12.5,96.2,6.893429838,South_Bay,
SBSVB-5,22.5,NA,6.230497184,South_Bay,
SBSVB-6,27.5,99.9,NA,South_Bay,
SBSVB-9,42.5,45.8,11.8332403,South_Bay,
SBSVB-12,57.5,47.3,18.78178214,South_Bay,
SBSVB-16,77.5,67.8,20.002356,South_Bay,
SBSVB-20,97.5,79.4,NA,South_Bay,
SQF-12-1,1,328.5,0.724323937,Susqahnna_Flats,
SQF-12-2,3,316.25,0.797152607,Susqahnna_Flats,
SQF-12-3,5,353.5,1.520097635,Susqahnna_Flats,
SQF-12-6,11,354.5,1.565256094,Susqahnna_Flats,
SQF-12-9,17,371,1.889357365,Susqahnna_Flats,
SQF-12-11,21,392.5,NA,Susqahnna_Flats,
SQ17-1,1,273.5,0.684547452,Susqahnna_Flats,
SQ17-2,3,NA,0.818827776,Susqahnna_Flats,
SQ17-3,5,268.5,0.716873006,Susqahnna_Flats,
SQ17-5,9,257.5,NA,Susqahnna_Flats,
SQ17-6,11,NA,0.944342505,Susqahnna_Flats,
SQ17-7,13,271.25,NA,Susqahnna_Flats,
SQ17-9,17,336.5,1.070667175,Susqahnna_Flats,
SQ17-11,21,342,NA,Susqahnna_Flats,
SQF762-1,1,38.35,1.443647104,Susqahnna_Flats,
SQF762-2,3,NA,1.111141517,Susqahnna_Flats,
SQF762-3,5,32.8,1.985301118,Susqahnna_Flats,
SQF762-5,9,66.625,NA,Susqahnna_Flats,
SQF762-6,11,NA,2.241133391,Susqahnna_Flats,
SQF762-7,13,66.45,NA,Susqahnna_Flats,
SQF762-9,17,117,3.396766373,Susqahnna_Flats,
SVR763-1,1,194,1.09920299,Severn_River,
SVR763-2,3,237,1.631591484,Severn_River,
SVR763-3,5,226.5,1.654290784,Severn_River,
SVR763-5,9,NA,1.862804666,Severn_River,
SVR763-6,11,238,NA,Severn_River,
SVR763-7,13,260,1.704843786,Severn_River,
SVR763-9,17,243.5,2.68948752,Severn_River,
SVR763VB-1 ,2.5,147,1.6302258,Severn_River,
SVR763VB-2 ,7.5,240,0.97961521,Severn_River,
SVR763VB-3 ,12.5,173,2.246795698,Severn_River,
SVR763VB-5 ,22.5,205,NA,Severn_River,
SVR763VB-6 ,27.5,282,1.99446384,Severn_River,
SVR763VB-9 ,42.5,194,1.284963311,Severn_River,
SVR763VB-12 ,57.5,222,NA,Severn_River,
SVR763VB-13,72.5,218,2.131063497,Severn_River,
SVR763VB-18,87.5,207,1.896029533,Severn_River,
SVR764-1-1  ,1,237.5,1.781257404,Severn_River,
SVR764-1-3  ,5,263.5,1.439131414,Severn_River,
SVR764-1-5  ,9,257.5,1.763928109,Severn_River,
SVR764-1-7  ,13,242.5,1.609712194,Severn_River,
SVR764-1-9  ,17,247.5,2.475346708,Severn_River,
SVR764VB-1,2.5,197,5.067504,Severn_River,
SVR764VB-2,7.5,247,3.119382,Severn_River,
SVR764VB-3,12.5,193.5,3.285675,Severn_River,
SVR764VB-4,17.5,234,3.085146,Severn_River,
SVR764VB-6,27.5,228,NA,Severn_River,
SVR764VB-7,32.5,NA,3.013729,Severn_River,
SVR764VB- 9,42.5,220,NA,Severn_River,
SVR764VB- 10,47.5,NA,2.484442,Severn_River,
SVR764VB- 12,57.2,222,2.896591,Severn_River,
SVR764VB- 15,62.5,179,NA,Severn_River,
SVR764VB- 16,77.5,NA,2.172402,Severn_River,
SVR764VB- 20,97.5,NA,3.603188,Severn_River,
SVR764VB- 23,112.5,NA,5.640436,Severn_River,
6CR2-1,1,164.5,2.19368,Crisfield,
6CR2-2,3,NA,3.707911,Crisfield,
6CR2-3,5,97.65,5.6598265,Crisfield,
6CR2-5,9,126.3,10.7203885,Crisfield,
6CR2-7,13,100.15,9.6817925,Crisfield,
6CR2-8,15,NA,16.249031,Crisfield,
6CR3-1,1,323,2.760315064,Crisfield,
6CR3-2,3,312,4.974134167,Crisfield,
6CR3-3,5,84.15,11.63774301,Crisfield,
6CR3-5,9,57,0.269023725,Crisfield,
6CR3-6,11,62.7,NA,Crisfield,
6CR3-7,13,35.9,2.457164952,Crisfield,
6CR3-9,17,53.5,3.938736799,Crisfield,
7G2B-1,1,195.5,0.858037,Gwynn_Island,
7G2B-2,3,NA,4.915698,Gwynn_Island,
7G2B-3,5,202,1.105525,Gwynn_Island,
7G2B-5,9,203.25,NA,Gwynn_Island,
7G2B-7,13,213,3.812219,Gwynn_Island,
7G2B-9,17,200.5,NA,Gwynn_Island,
7G2B-10,21,162,NA,Gwynn_Island,
6G1-1,1,39.15,4.561868,Goodwin_Island,
6G1-2,3,57.55,6.47452,Goodwin_Island,
6G1-3,5,50.5,NA,Goodwin_Island,
6G1-5,9,56.05,9.623605,Goodwin_Island,
6G1-7,13,47.45,7.4571985,Goodwin_Island,
6G1-10,17,NA,8.2656055,Goodwin_Island,
6G2-1,1,125,2.0396085,Goodwin_Island,
6G2-2,3,133.5,2.4926455,Goodwin_Island,
6G2-3,5,130.5,2.4114285,Goodwin_Island,
6G2-5,9,140.5,NA,Goodwin_Island,
6G2-6,11,NA,1.8145015,Goodwin_Island,
6G2-7,13,135,NA,Goodwin_Island,
6G2-9,17,134.5,1.5550645,Goodwin_Island,
6G2-12,23,NA,2.313872,Goodwin_Island,
6G3-1,1,138.5,2.407745,Goodwin_Island,
6G3-2,3,152.5,2.8429075,Goodwin_Island,
6G3-3,5,NA,3.088612,Goodwin_Island,
6G3-5,9,162.5,1.224101,Goodwin_Island,
6G3-6,11,NA,1.567115,Goodwin_Island,
6G3-7,13,166,4.484211,Goodwin_Island,
6G3-8,15,NA,2.201333,Goodwin_Island,
6G3-9,17,168,NA,Goodwin_Island,
6G3-11,21,98.3,NA,Goodwin_Island,
6G3-12,23,NA,6.130784,Goodwin_Island,
6G3-13,25,87,NA,Goodwin_Island,
6G4-1,1,278.5,0.529260623,Goodwin_Island,
6G4-2,3,283,0.800363043,Goodwin_Island,
6G4-3,5,295,NA,Goodwin_Island,
6G4-4,7,NA,1.903825,Goodwin_Island,
6G4-5,9,243,NA,Goodwin_Island,
6G4-6,11,NA,4.13493,Goodwin_Island,
6G4-7,13,165.1,NA,Goodwin_Island,
6G4-9,17,115,7.994136,Goodwin_Island,
6G1VB-1,2.5,49,7.552066905,Goodwin_Island,
6G1VB-2,7.5,60,9.204701939,Goodwin_Island,
6G1VB-3,12.5,82.3,11.34938549,Goodwin_Island,
6G1VB-4,17.5,NA,9.060840388,Goodwin_Island,
6G1VB-6,27.5,28.6,NA,Goodwin_Island,
6G1VB-7,32.5,NA,9.7347383,Goodwin_Island,
6G1VB-9,42.5,46.1,NA,Goodwin_Island,
6G1VB-10,47.5,NA,11.60226993,Goodwin_Island,
6G1VB-12,57.5,31.2,NA,Goodwin_Island,
6G1VB-13,62.5,NA,17.86854013,Goodwin_Island,
6G1VB-15,72.5,31.9,NA,Goodwin_Island,
6G1VB-16,77.5,NA,14.66415453,Goodwin_Island,
6G1VB-18,87.5,58.1,NA,Goodwin_Island,
6G1VB-19,92.5,NA,12.05805471,Goodwin_Island,
6G2VB-1,2.5,130.5,1.335232123,Goodwin_Island,
6G2VB-2,7.5,NA,1.501291691,Goodwin_Island,
6G2VB-3,12.5,NA,1.581616869,Goodwin_Island,
6G2VB-4,17.5,NA,1.459974651,Goodwin_Island,
6G2VB-5,22.5,138,NA,Goodwin_Island,
6G2VB-7,32.5,137,0.880772635,Goodwin_Island,
6G2VB-9,42.5,126,NA,Goodwin_Island,
6G2VB-10,47.5,NA,4.95255687,Goodwin_Island,
6G2VB-11,52.5,108,NA,Goodwin_Island,
6G2VB-13,62.5,19.55,7.539420058,Goodwin_Island,
6G2VB-16,77.5,NA,6.707932877,Goodwin_Island,
6G2VB-17,82.5,86.9,NA,Goodwin_Island,
6G2VB-19,92.5,51.7,5.553844297,Goodwin_Island,
6G3VB-1,2.5,152,2.07752212,Goodwin_Island,
6G3VB-2,7.5,162,3.714103449,Goodwin_Island,
6G3VB-3,12.5,95.3,11.44410493,Goodwin_Island,
6G3VB-4,17.5,NA,9.924233903,Goodwin_Island,
6G3VB-5,22.5,76.3,NA,Goodwin_Island,
6G3VB-7,32.5,NA,9.762198812,Goodwin_Island,
6G3VB-8,37.5,57.7,NA,Goodwin_Island,
6G3VB-10,47.5,NA,11.95996638,Goodwin_Island,
6G3VB-12,57.5,53,NA,Goodwin_Island,
6G3VB-13,62.5,NA,14.78775749,Goodwin_Island,
6G3VB-16,77.5,28,14.30045461,Goodwin_Island,
6G3VB-19,92.5,31.2,9.03276246,Goodwin_Island,
6G4VB-1,2.5,219,0.698874,Goodwin_Island,
6G4VB-2,7.5,118,2.7428004,Goodwin_Island,
6G4VB-3,12.5,26.2,NA,Goodwin_Island,
6G4VB-4,17.5,NA,5.84879373,Goodwin_Island,
6G4VB-5,22.5,30.9,NA,Goodwin_Island,
6G4VB-6,27.5,NA,5.84545,Goodwin_Island,
6G4VB-8,37.5,90.4,5.125988,Goodwin_Island,
6G4VB-10,47.5,NA,4.473725,Goodwin_Island,
6G4VB-12,57.5,30.2,5.952317,Goodwin_Island,
6G4VB-15,72.5,588,1.361565,Goodwin_Island,
6G4VB-17,82.5,NA,3.749863,Goodwin_Island,
6G4VB-18,87.5,246,1.194514,Goodwin_Island,
